distance(cm),total,received,valid,duration
25,1000,865,860,0.8612491179190752
50,1000,881,875,0.8561879988649261
100,1000,860,742,0.7664636360465116
