distance(cm),total,received,valid,duration
25,1000,865,860,0.744980487
50,1000,881,875,0.754301627
100,1000,860,742,0.659158727
